{
	"Version": 3,
	"Meta": {
		"Duration": 3.433,
		"Fps": 30.0,
		"Loop": true,
		"AreBeziersRestricted": true,
		"CurveCount": 65,
		"TotalSegmentCount": 183,
		"TotalPointCount": 444,
		"UserDataCount": 0,
		"TotalUserDataSize": 0
	},
	"Curves": [
		{
			"Target": "Model",
			"Id": "Opacity",
			"Segments": [
				0,
				1,
				1,
				1.133,
				1,
				2.267,
				1,
				3.4,
				1,
				0,
				3.433,
				1
			]
		},
		{
			"Target": "Model",
			"Id": "EyeBlink",
			"Segments": [
				0,
				1,
				0,
				3.433,
				1
			]
		},
		{
			"Target": "Model",
			"Id": "LipSync",
			"Segments": [
				0,
				0,
				0,
				3.433,
				0
			]
		},
		{
			"Target": "Parameter",
			"Id": "ParamAngleX",
			"Segments": [
				0,
				0,
				1,
				0.344,
				0,
				0.689,
				0,
				1.033,
				0,
				1,
				1.089,
				0,
				1.144,
				0,
				1.2,
				0,
				1,
				1.333,
				0,
				1.467,
				2,
				1.6,
				2,
				1,
				1.744,
				2,
				1.889,
				-8,
				2.033,
				-8,
				1,
				2.156,
				-8,
				2.278,
				8,
				2.4,
				8,
				1,
				2.533,
				8,
				2.667,
				0,
				2.8,
				0,
				1,
				2.911,
				0,
				3.022,
				0,
				3.133,
				0,
				1,
				3.222,
				0,
				3.311,
				0,
				3.4,
				0,
				0,
				3.433,
				0
			]
		},
		{
			"Target": "Parameter",
			"Id": "ParamAngleY",
			"Segments": [
				0,
				0,
				1,
				0.344,
				0,
				0.689,
				0,
				1.033,
				0,
				1,
				1.089,
				0,
				1.144,
				0,
				1.2,
				0,
				1,
				1.333,
				0,
				1.467,
				16,
				1.6,
				16,
				1,
				1.722,
				16,
				1.844,
				-21,
				1.967,
				-21,
				1,
				2.111,
				-21,
				2.256,
				-19.167,
				2.4,
				-18,
				1,
				2.522,
				-17.012,
				2.644,
				-17.151,
				2.767,
				-16,
				1,
				2.878,
				-14.954,
				2.989,
				0,
				3.1,
				0,
				1,
				3.2,
				0,
				3.3,
				0,
				3.4,
				0,
				0,
				3.433,
				0
			]
		},
		{
			"Target": "Parameter",
			"Id": "ParamAngleZ",
			"Segments": [
				0,
				0,
				1,
				1.133,
				0,
				2.267,
				0,
				3.4,
				0,
				0,
				3.433,
				0
			]
		},
		{
			"Target": "Parameter",
			"Id": "ParamTere",
			"Segments": [
				0,
				0,
				1,
				1.133,
				0,
				2.267,
				0,
				3.4,
				0,
				0,
				3.433,
				0
			]
		},
		{
			"Target": "Parameter",
			"Id": "ParamFaceForm",
			"Segments": [
				0,
				0,
				1,
				1.133,
				0,
				2.267,
				0,
				3.4,
				0,
				0,
				3.433,
				0
			]
		},
		{
			"Target": "Parameter",
			"Id": "ParamEyeLOpen",
			"Segments": [
				0,
				2,
				1,
				0.533,
				2,
				1.067,
				2,
				1.6,
				2,
				1,
				1.656,
				2,
				1.711,
				0,
				1.767,
				0,
				1,
				2.067,
				0,
				2.367,
				0,
				2.667,
				0,
				1,
				2.756,
				0,
				2.844,
				2,
				2.933,
				2,
				1,
				3.089,
				2,
				3.244,
				2,
				3.4,
				2,
				0,
				3.433,
				2
			]
		},
		{
			"Target": "Parameter",
			"Id": "ParamEyeLSmile",
			"Segments": [
				0,
				0,
				1,
				1.133,
				0,
				2.267,
				0,
				3.4,
				0,
				0,
				3.433,
				0
			]
		},
		{
			"Target": "Parameter",
			"Id": "ParamEyeROpen",
			"Segments": [
				0,
				2,
				1,
				0.533,
				2,
				1.067,
				2,
				1.6,
				2,
				1,
				1.656,
				2,
				1.711,
				0,
				1.767,
				0,
				1,
				2.067,
				0,
				2.367,
				0,
				2.667,
				0,
				1,
				2.756,
				0,
				2.844,
				2,
				2.933,
				2,
				1,
				3.089,
				2,
				3.244,
				2,
				3.4,
				2,
				0,
				3.433,
				2
			]
		},
		{
			"Target": "Parameter",
			"Id": "ParamEyeRSmile",
			"Segments": [
				0,
				0,
				1,
				1.133,
				0,
				2.267,
				0,
				3.4,
				0,
				0,
				3.433,
				0
			]
		},
		{
			"Target": "Parameter",
			"Id": "ParamEyeForm",
			"Segments": [
				0,
				0,
				1,
				1.133,
				0,
				2.267,
				0,
				3.4,
				0,
				0,
				3.433,
				0
			]
		},
		{
			"Target": "Parameter",
			"Id": "ParamEyeBallForm",
			"Segments": [
				0,
				0,
				1,
				1.133,
				0,
				2.267,
				0,
				3.4,
				0,
				0,
				3.433,
				0
			]
		},
		{
			"Target": "Parameter",
			"Id": "ParamTear",
			"Segments": [
				0,
				0,
				1,
				1.133,
				0,
				2.267,
				0,
				3.4,
				0,
				0,
				3.433,
				0
			]
		},
		{
			"Target": "Parameter",
			"Id": "ParamEyeBallX",
			"Segments": [
				0,
				0,
				1,
				0.389,
				0,
				0.778,
				0,
				1.167,
				0,
				1,
				1.289,
				0,
				1.411,
				-0.1,
				1.533,
				-0.1,
				1,
				1.9,
				-0.1,
				2.267,
				0,
				2.633,
				0,
				1,
				2.889,
				0,
				3.144,
				0,
				3.4,
				0,
				0,
				3.433,
				0
			]
		},
		{
			"Target": "Parameter",
			"Id": "ParamEyeBallY",
			"Segments": [
				0,
				0,
				1,
				0.389,
				0,
				0.778,
				0,
				1.167,
				0,
				1,
				1.289,
				0,
				1.411,
				-0.38,
				1.533,
				-0.38,
				1,
				1.9,
				-0.38,
				2.267,
				0,
				2.633,
				0,
				1,
				2.889,
				0,
				3.144,
				0,
				3.4,
				0,
				0,
				3.433,
				0
			]
		},
		{
			"Target": "Parameter",
			"Id": "ParamBrowLY",
			"Segments": [
				0,
				0.61,
				1,
				1.133,
				0.61,
				2.267,
				0.61,
				3.4,
				0.61,
				0,
				3.433,
				0.61
			]
		},
		{
			"Target": "Parameter",
			"Id": "ParamBrowRY",
			"Segments": [
				0,
				0.61,
				1,
				1.133,
				0.61,
				2.267,
				0.61,
				3.4,
				0.61,
				0,
				3.433,
				0.61
			]
		},
		{
			"Target": "Parameter",
			"Id": "ParamBrowLX",
			"Segments": [
				0,
				0,
				1,
				1.133,
				0,
				2.267,
				0,
				3.4,
				0,
				0,
				3.433,
				0
			]
		},
		{
			"Target": "Parameter",
			"Id": "ParamBrowRX",
			"Segments": [
				0,
				0,
				1,
				1.133,
				0,
				2.267,
				0,
				3.4,
				0,
				0,
				3.433,
				0
			]
		},
		{
			"Target": "Parameter",
			"Id": "ParamBrowLAngle",
			"Segments": [
				0,
				0,
				1,
				1.133,
				0,
				2.267,
				0,
				3.4,
				0,
				0,
				3.433,
				0
			]
		},
		{
			"Target": "Parameter",
			"Id": "ParamBrowRAngle",
			"Segments": [
				0,
				0,
				1,
				1.133,
				0,
				2.267,
				0,
				3.4,
				0,
				0,
				3.433,
				0
			]
		},
		{
			"Target": "Parameter",
			"Id": "ParamBrowLForm",
			"Segments": [
				0,
				0,
				1,
				1.133,
				0,
				2.267,
				0,
				3.4,
				0,
				0,
				3.433,
				0
			]
		},
		{
			"Target": "Parameter",
			"Id": "ParamBrowRForm",
			"Segments": [
				0,
				0,
				1,
				1.133,
				0,
				2.267,
				0,
				3.4,
				0,
				0,
				3.433,
				0
			]
		},
		{
			"Target": "Parameter",
			"Id": "ParamMouthForm",
			"Segments": [
				0,
				-0.64,
				1,
				1.133,
				-0.64,
				2.267,
				-0.64,
				3.4,
				-0.64,
				0,
				3.433,
				-0.64
			]
		},
		{
			"Target": "Parameter",
			"Id": "ParamMouthOpenY",
			"Segments": [
				0,
				0,
				1,
				1.133,
				0,
				2.267,
				0,
				3.4,
				0,
				0,
				3.433,
				0
			]
		},
		{
			"Target": "Parameter",
			"Id": "ParamScarf",
			"Segments": [
				0,
				0,
				1,
				1.133,
				0,
				2.267,
				0,
				3.4,
				0,
				0,
				3.433,
				0
			]
		},
		{
			"Target": "Parameter",
			"Id": "ParamBodyAngleX",
			"Segments": [
				0,
				0,
				1,
				0.344,
				0,
				0.689,
				0,
				1.033,
				0,
				1,
				1.244,
				0,
				1.456,
				2,
				1.667,
				2,
				1,
				1.822,
				2,
				1.978,
				-3,
				2.133,
				-3,
				1,
				2.256,
				-3,
				2.378,
				2,
				2.5,
				2,
				1,
				2.622,
				2,
				2.744,
				-2,
				2.867,
				-2,
				1,
				2.978,
				-2,
				3.089,
				0,
				3.2,
				0,
				1,
				3.267,
				0,
				3.333,
				0,
				3.4,
				0,
				0,
				3.433,
				0
			]
		},
		{
			"Target": "Parameter",
			"Id": "ParamBodyAngleY",
			"Segments": [
				0,
				0,
				1,
				0.333,
				0,
				0.667,
				0,
				1,
				0,
				1,
				1.211,
				0,
				1.422,
				3,
				1.633,
				3,
				1,
				1.778,
				3,
				1.922,
				0,
				2.067,
				0,
				1,
				2.511,
				0,
				2.956,
				0,
				3.4,
				0,
				0,
				3.433,
				0
			]
		},
		{
			"Target": "Parameter",
			"Id": "ParamBodyAngleZ",
			"Segments": [
				0,
				0,
				1,
				0.3,
				0,
				0.6,
				-5,
				0.9,
				-5,
				1,
				1.167,
				-5,
				1.433,
				0,
				1.7,
				0,
				1,
				2.267,
				0,
				2.833,
				0,
				3.4,
				0,
				0,
				3.433,
				0
			]
		},
		{
			"Target": "Parameter",
			"Id": "ParamBodyUpper",
			"Segments": [
				0,
				0,
				1,
				1.133,
				0,
				2.267,
				0,
				3.4,
				0,
				0,
				3.433,
				0
			]
		},
		{
			"Target": "Parameter",
			"Id": "ParamBreath",
			"Segments": [
				0,
				0,
				1,
				1.133,
				0,
				2.267,
				0,
				3.4,
				0,
				0,
				3.433,
				0
			]
		},
		{
			"Target": "Parameter",
			"Id": "ParamBustY",
			"Segments": [
				0,
				0,
				1,
				1.133,
				0,
				2.267,
				0,
				3.4,
				0,
				0,
				3.433,
				0
			]
		},
		{
			"Target": "Parameter",
			"Id": "ParamArmLA",
			"Segments": [
				0,
				0.5,
				1,
				0.156,
				0.5,
				0.311,
				0.743,
				0.467,
				0.76,
				1,
				1.378,
				0.86,
				2.289,
				0.89,
				3.2,
				0.89,
				1,
				3.267,
				0.89,
				3.333,
				0.5,
				3.4,
				0.5,
				0,
				3.433,
				0.5
			]
		},
		{
			"Target": "Parameter",
			"Id": "ParamArmRA",
			"Segments": [
				0,
				0.5,
				1,
				0.156,
				0.5,
				0.311,
				0.735,
				0.467,
				0.76,
				1,
				1.378,
				0.905,
				2.289,
				0.95,
				3.2,
				0.95,
				1,
				3.267,
				0.95,
				3.333,
				0.5,
				3.4,
				0.5,
				0,
				3.433,
				0.5
			]
		},
		{
			"Target": "Parameter",
			"Id": "ParamArmLB",
			"Segments": [
				0,
				0.3,
				1,
				0.311,
				0.3,
				0.622,
				0.3,
				0.933,
				0.3,
				1,
				1.156,
				0.3,
				1.378,
				0.5,
				1.6,
				0.5,
				1,
				1.756,
				0.5,
				1.911,
				0.3,
				2.067,
				0.3,
				1,
				2.511,
				0.3,
				2.956,
				0.3,
				3.4,
				0.3,
				0,
				3.433,
				0.3
			]
		},
		{
			"Target": "Parameter",
			"Id": "ParamArmRB",
			"Segments": [
				0,
				0.3,
				1,
				0.289,
				0.3,
				0.578,
				0.3,
				0.867,
				0.3,
				1,
				1.089,
				0.3,
				1.311,
				0.5,
				1.533,
				0.5,
				1,
				1.689,
				0.5,
				1.844,
				0.3,
				2,
				0.3,
				1,
				2.467,
				0.3,
				2.933,
				0.3,
				3.4,
				0.3,
				0,
				3.433,
				0.3
			]
		},
		{
			"Target": "Parameter",
			"Id": "ParamHandChangeR",
			"Segments": [
				0,
				0,
				1,
				1.133,
				0,
				2.267,
				0,
				3.4,
				0,
				0,
				3.433,
				0
			]
		},
		{
			"Target": "Parameter",
			"Id": "ParamHandAngleR",
			"Segments": [
				0,
				0.66,
				1,
				0.344,
				0.66,
				0.689,
				0.662,
				1.033,
				0.64,
				1,
				1.267,
				0.625,
				1.5,
				0.12,
				1.733,
				0.12,
				1,
				1.867,
				0.12,
				2,
				0.66,
				2.133,
				0.66,
				1,
				2.556,
				0.66,
				2.978,
				0.66,
				3.4,
				0.66,
				0,
				3.433,
				0.66
			]
		},
		{
			"Target": "Parameter",
			"Id": "ParamHandDhangeL",
			"Segments": [
				0,
				0,
				1,
				1.133,
				0,
				2.267,
				0,
				3.4,
				0,
				0,
				3.433,
				0
			]
		},
		{
			"Target": "Parameter",
			"Id": "ParamHandAngleL",
			"Segments": [
				0,
				-1,
				1,
				0.322,
				-1,
				0.644,
				-1,
				0.967,
				-1,
				1,
				1.2,
				-1,
				1.433,
				-0.68,
				1.667,
				-0.68,
				1,
				1.822,
				-0.68,
				1.978,
				-1,
				2.133,
				-1,
				1,
				2.556,
				-1,
				2.978,
				-1,
				3.4,
				-1,
				0,
				3.433,
				-1
			]
		},
		{
			"Target": "Parameter",
			"Id": "ParamHairFront",
			"Segments": [
				0,
				0,
				1,
				1.133,
				0,
				2.267,
				0,
				3.4,
				0,
				0,
				3.433,
				0
			]
		},
		{
			"Target": "Parameter",
			"Id": "ParamHairSide",
			"Segments": [
				0,
				0,
				1,
				1.133,
				0,
				2.267,
				0,
				3.4,
				0,
				0,
				3.433,
				0
			]
		},
		{
			"Target": "Parameter",
			"Id": "ParamHairBack",
			"Segments": [
				0,
				0,
				1,
				1.133,
				0,
				2.267,
				0,
				3.4,
				0,
				0,
				3.433,
				0
			]
		},
		{
			"Target": "PartOpacity",
			"Id": "Part01Core",
			"Segments": [
				0,
				1,
				2,
				3.4,
				1,
				0,
				3.433,
				1
			]
		},
		{
			"Target": "PartOpacity",
			"Id": "Part01Hoho001",
			"Segments": [
				0,
				1,
				2,
				3.4,
				1,
				0,
				3.433,
				1
			]
		},
		{
			"Target": "PartOpacity",
			"Id": "Part01Brow001",
			"Segments": [
				0,
				1,
				2,
				3.4,
				1,
				0,
				3.433,
				1
			]
		},
		{
			"Target": "PartOpacity",
			"Id": "Part01Tear",
			"Segments": [
				0,
				1,
				2,
				3.4,
				1,
				0,
				3.433,
				1
			]
		},
		{
			"Target": "PartOpacity",
			"Id": "Part01EyeBall001",
			"Segments": [
				0,
				1,
				2,
				3.4,
				1,
				0,
				3.433,
				1
			]
		},
		{
			"Target": "PartOpacity",
			"Id": "Part01Eye001",
			"Segments": [
				0,
				1,
				2,
				3.4,
				1,
				0,
				3.433,
				1
			]
		},
		{
			"Target": "PartOpacity",
			"Id": "Part01Nose001",
			"Segments": [
				0,
				1,
				2,
				3.4,
				1,
				0,
				3.433,
				1
			]
		},
		{
			"Target": "PartOpacity",
			"Id": "Part01Mouth001",
			"Segments": [
				0,
				1,
				2,
				3.4,
				1,
				0,
				3.433,
				1
			]
		},
		{
			"Target": "PartOpacity",
			"Id": "Part01Face001",
			"Segments": [
				0,
				1,
				2,
				3.4,
				1,
				0,
				3.433,
				1
			]
		},
		{
			"Target": "PartOpacity",
			"Id": "Part01Ear001",
			"Segments": [
				0,
				1,
				2,
				3.4,
				1,
				0,
				3.433,
				1
			]
		},
		{
			"Target": "PartOpacity",
			"Id": "Part01Neck001",
			"Segments": [
				0,
				1,
				2,
				3.4,
				1,
				0,
				3.433,
				1
			]
		},
		{
			"Target": "PartOpacity",
			"Id": "Part01HairFront001",
			"Segments": [
				0,
				1,
				2,
				3.4,
				1,
				0,
				3.433,
				1
			]
		},
		{
			"Target": "PartOpacity",
			"Id": "Part01HairSide001",
			"Segments": [
				0,
				1,
				2,
				3.4,
				1,
				0,
				3.433,
				1
			]
		},
		{
			"Target": "PartOpacity",
			"Id": "Part01HairBack001",
			"Segments": [
				0,
				1,
				2,
				3.4,
				1,
				0,
				3.433,
				1
			]
		},
		{
			"Target": "PartOpacity",
			"Id": "Part01ArmRB001",
			"Segments": [
				0,
				1,
				2,
				3.4,
				1,
				0,
				3.433,
				1
			]
		},
		{
			"Target": "PartOpacity",
			"Id": "Part01ArmLB001",
			"Segments": [
				0,
				1,
				2,
				3.4,
				1,
				0,
				3.433,
				1
			]
		},
		{
			"Target": "PartOpacity",
			"Id": "Part01ArmRA001",
			"Segments": [
				0,
				0,
				2,
				3.4,
				0,
				0,
				3.433,
				0
			]
		},
		{
			"Target": "PartOpacity",
			"Id": "Part01ArmLA001",
			"Segments": [
				0,
				0,
				2,
				3.4,
				0,
				0,
				3.433,
				0
			]
		},
		{
			"Target": "PartOpacity",
			"Id": "Part01Body001",
			"Segments": [
				0,
				1,
				2,
				3.4,
				1,
				0,
				3.433,
				1
			]
		},
		{
			"Target": "PartOpacity",
			"Id": "Part01Sketch",
			"Segments": [
				0,
				0,
				2,
				3.4,
				0,
				0,
				3.433,
				0
			]
		}
	]
}