{
	"Version": 3,
	"Meta": {
		"Duration": 5,
		"Fps": 30.0,
		"Loop": true,
		"AreBeziersRestricted": true,
		"CurveCount": 65,
		"TotalSegmentCount": 354,
		"TotalPointCount": 915,
		"UserDataCount": 0,
		"TotalUserDataSize": 0
	},
	"Curves": [
		{
			"Target": "Model",
			"Id": "Opacity",
			"Segments": [
				0,
				1,
				1,
				0.889,
				1,
				1.778,
				1,
				2.667,
				1,
				1,
				3.433,
				1,
				4.2,
				1,
				4.967,
				1,
				0,
				5,
				1
			]
		},
		{
			"Target": "Model",
			"Id": "EyeBlink",
			"Segments": [
				0,
				1,
				0,
				5,
				1
			]
		},
		{
			"Target": "Model",
			"Id": "LipSync",
			"Segments": [
				0,
				0,
				0,
				5,
				0
			]
		},
		{
			"Target": "Parameter",
			"Id": "ParamAngleX",
			"Segments": [
				0,
				0,
				1,
				0.056,
				0,
				0.111,
				0,
				0.167,
				0,
				1,
				0.378,
				0,
				0.589,
				0,
				0.8,
				0,
				1,
				1,
				0,
				1.2,
				0,
				1.4,
				0,
				1,
				1.6,
				0,
				1.8,
				0,
				2,
				0,
				1,
				2.189,
				0,
				2.378,
				0,
				2.567,
				0,
				1,
				2.722,
				0,
				2.878,
				2,
				3.033,
				2,
				1,
				3.344,
				2,
				3.656,
				0,
				3.967,
				0,
				0,
				5,
				0
			]
		},
		{
			"Target": "Parameter",
			"Id": "ParamAngleY",
			"Segments": [
				0,
				0,
				1,
				0.033,
				0,
				0.067,
				0,
				0.1,
				0,
				1,
				0.156,
				0,
				0.211,
				6,
				0.267,
				6,
				1,
				0.344,
				6,
				0.422,
				-11.207,
				0.5,
				-11.207,
				1,
				0.6,
				-11.207,
				0.7,
				0,
				0.8,
				0,
				1,
				0.967,
				0,
				1.133,
				-16.67,
				1.3,
				-16.67,
				1,
				1.356,
				-16.67,
				1.411,
				-16.299,
				1.467,
				-8.31,
				1,
				1.578,
				7.668,
				1.689,
				22.901,
				1.8,
				22.901,
				1,
				1.9,
				22.901,
				2,
				-0.099,
				2.1,
				-0.099,
				1,
				2.3,
				-0.099,
				2.5,
				0,
				2.7,
				0,
				1,
				2.833,
				0,
				2.967,
				-22,
				3.1,
				-22,
				1,
				3.256,
				-22,
				3.411,
				12,
				3.567,
				12,
				1,
				3.722,
				12,
				3.878,
				-5,
				4.033,
				-5,
				1,
				4.222,
				-5,
				4.411,
				0,
				4.6,
				0,
				0,
				5,
				0
			]
		},
		{
			"Target": "Parameter",
			"Id": "ParamAngleZ",
			"Segments": [
				0,
				0,
				1,
				0.056,
				0,
				0.111,
				0,
				0.167,
				0,
				1,
				0.289,
				0,
				0.411,
				0,
				0.533,
				0,
				1,
				0.622,
				0,
				0.711,
				30,
				0.8,
				30,
				1,
				1,
				30,
				1.2,
				-30,
				1.4,
				-30,
				1,
				1.6,
				-30,
				1.8,
				30,
				2,
				30,
				1,
				2.167,
				30,
				2.333,
				30.456,
				2.5,
				27,
				1,
				2.678,
				23.313,
				2.856,
				-9,
				3.033,
				-9,
				1,
				3.189,
				-9,
				3.344,
				7,
				3.5,
				7,
				1,
				3.656,
				7,
				3.811,
				-2,
				3.967,
				-2,
				1,
				4.156,
				-2,
				4.344,
				0,
				4.533,
				0,
				0,
				5,
				0
			]
		},
		{
			"Target": "Parameter",
			"Id": "ParamTere",
			"Segments": [
				0,
				0,
				1,
				0.056,
				0,
				0.111,
				0,
				0.167,
				0,
				1,
				0.378,
				0,
				0.589,
				0.5,
				0.8,
				0.5,
				1,
				1.2,
				0.5,
				1.6,
				0.5,
				2,
				0.5,
				1,
				2.189,
				0.5,
				2.378,
				0.5,
				2.567,
				0.5,
				1,
				3.033,
				0.5,
				3.5,
				0,
				3.967,
				0,
				0,
				5,
				0
			]
		},
		{
			"Target": "Parameter",
			"Id": "ParamFaceForm",
			"Segments": [
				0,
				0,
				0,
				5,
				0
			]
		},
		{
			"Target": "Parameter",
			"Id": "ParamEyeLOpen",
			"Segments": [
				0,
				1,
				1,
				0.056,
				1,
				0.111,
				1,
				0.167,
				1,
				1,
				0.289,
				1,
				0.411,
				0,
				0.533,
				0,
				1,
				0.622,
				0,
				0.711,
				0,
				0.8,
				0,
				1,
				1,
				0,
				1.2,
				0,
				1.4,
				0,
				1,
				1.522,
				0,
				1.644,
				1,
				1.767,
				1,
				1,
				2.033,
				1,
				2.3,
				1,
				2.567,
				1,
				1,
				2.722,
				1,
				2.878,
				0,
				3.033,
				0,
				1,
				3.189,
				0,
				3.344,
				0,
				3.5,
				0,
				1,
				3.656,
				0,
				3.811,
				1,
				3.967,
				1,
				0,
				5,
				1
			]
		},
		{
			"Target": "Parameter",
			"Id": "ParamEyeLSmile",
			"Segments": [
				0,
				0,
				1,
				0.056,
				0,
				0.111,
				0,
				0.167,
				0,
				1,
				0.289,
				0,
				0.411,
				0,
				0.533,
				0,
				1,
				0.622,
				0,
				0.711,
				1,
				0.8,
				1,
				1,
				1,
				1,
				1.2,
				1,
				1.4,
				1,
				1,
				1.522,
				1,
				1.644,
				0,
				1.767,
				0,
				1,
				2.033,
				0,
				2.3,
				0,
				2.567,
				0,
				1,
				3.033,
				0,
				3.5,
				0,
				3.967,
				0,
				0,
				5,
				0
			]
		},
		{
			"Target": "Parameter",
			"Id": "ParamEyeROpen",
			"Segments": [
				0,
				1,
				1,
				0.056,
				1,
				0.111,
				1,
				0.167,
				1,
				1,
				0.289,
				1,
				0.411,
				0,
				0.533,
				0,
				1,
				0.622,
				0,
				0.711,
				0,
				0.8,
				0,
				1,
				1,
				0,
				1.2,
				0,
				1.4,
				0,
				1,
				1.522,
				0,
				1.644,
				1,
				1.767,
				1,
				1,
				2.033,
				1,
				2.3,
				1,
				2.567,
				1,
				1,
				2.722,
				1,
				2.878,
				0,
				3.033,
				0,
				1,
				3.189,
				0,
				3.344,
				0,
				3.5,
				0,
				1,
				3.656,
				0,
				3.811,
				1,
				3.967,
				1,
				0,
				5,
				1
			]
		},
		{
			"Target": "Parameter",
			"Id": "ParamEyeRSmile",
			"Segments": [
				0,
				0,
				1,
				0.056,
				0,
				0.111,
				0,
				0.167,
				0,
				1,
				0.289,
				0,
				0.411,
				0,
				0.533,
				0,
				1,
				0.622,
				0,
				0.711,
				1,
				0.8,
				1,
				1,
				1,
				1,
				1.2,
				1,
				1.4,
				1,
				1,
				1.522,
				1,
				1.644,
				0,
				1.767,
				0,
				1,
				2.033,
				0,
				2.3,
				0,
				2.567,
				0,
				1,
				3.033,
				0,
				3.5,
				0,
				3.967,
				0,
				0,
				5,
				0
			]
		},
		{
			"Target": "Parameter",
			"Id": "ParamEyeForm",
			"Segments": [
				0,
				0,
				1,
				0.056,
				0,
				0.111,
				0,
				0.167,
				0,
				1,
				0.778,
				0,
				1.389,
				0,
				2,
				0,
				1,
				2.189,
				0,
				2.378,
				0,
				2.567,
				0,
				1,
				3.033,
				0,
				3.5,
				0,
				3.967,
				0,
				0,
				5,
				0
			]
		},
		{
			"Target": "Parameter",
			"Id": "ParamEyeBallForm",
			"Segments": [
				0,
				0,
				1,
				0.056,
				0,
				0.111,
				0,
				0.167,
				0,
				1,
				0.778,
				0,
				1.389,
				0,
				2,
				0,
				1,
				2.189,
				0,
				2.378,
				0,
				2.567,
				0,
				1,
				3.033,
				0,
				3.5,
				0,
				3.967,
				0,
				0,
				5,
				0
			]
		},
		{
			"Target": "Parameter",
			"Id": "ParamTear",
			"Segments": [
				0,
				0,
				1,
				0.056,
				0,
				0.111,
				0,
				0.167,
				0,
				1,
				0.778,
				0,
				1.389,
				0,
				2,
				0,
				1,
				2.189,
				0,
				2.378,
				0,
				2.567,
				0,
				1,
				3.033,
				0,
				3.5,
				0,
				3.967,
				0,
				0,
				5,
				0
			]
		},
		{
			"Target": "Parameter",
			"Id": "ParamEyeBallX",
			"Segments": [
				0,
				0,
				1,
				0.056,
				0,
				0.111,
				0,
				0.167,
				0,
				1,
				0.778,
				0,
				1.389,
				0,
				2,
				0,
				1,
				2.189,
				0,
				2.378,
				0,
				2.567,
				0,
				1,
				3.033,
				0,
				3.5,
				0,
				3.967,
				0,
				0,
				5,
				0
			]
		},
		{
			"Target": "Parameter",
			"Id": "ParamEyeBallY",
			"Segments": [
				0,
				0,
				1,
				0.056,
				0,
				0.111,
				0,
				0.167,
				0,
				1,
				0.778,
				0,
				1.389,
				0,
				2,
				0,
				1,
				2.189,
				0,
				2.378,
				0,
				2.567,
				0,
				1,
				3.033,
				0,
				3.5,
				0,
				3.967,
				0,
				0,
				5,
				0
			]
		},
		{
			"Target": "Parameter",
			"Id": "ParamBrowLY",
			"Segments": [
				0,
				0,
				1,
				0.056,
				0,
				0.111,
				0,
				0.167,
				0,
				1,
				0.778,
				0,
				1.389,
				0,
				2,
				0,
				1,
				2.189,
				0,
				2.378,
				0,
				2.567,
				0,
				1,
				2.722,
				0,
				2.878,
				-0.5,
				3.033,
				-0.5,
				1,
				3.344,
				-0.5,
				3.656,
				0,
				3.967,
				0,
				0,
				5,
				0
			]
		},
		{
			"Target": "Parameter",
			"Id": "ParamBrowRY",
			"Segments": [
				0,
				0,
				1,
				0.056,
				0,
				0.111,
				0,
				0.167,
				0,
				1,
				0.778,
				0,
				1.389,
				0,
				2,
				0,
				1,
				2.189,
				0,
				2.378,
				0,
				2.567,
				0,
				1,
				2.722,
				0,
				2.878,
				-0.5,
				3.033,
				-0.5,
				1,
				3.344,
				-0.5,
				3.656,
				0,
				3.967,
				0,
				0,
				5,
				0
			]
		},
		{
			"Target": "Parameter",
			"Id": "ParamBrowLX",
			"Segments": [
				0,
				0,
				1,
				0.056,
				0,
				0.111,
				0,
				0.167,
				0,
				1,
				0.778,
				0,
				1.389,
				0,
				2,
				0,
				1,
				2.189,
				0,
				2.378,
				0,
				2.567,
				0,
				1,
				2.722,
				0,
				2.878,
				-0.4,
				3.033,
				-0.4,
				1,
				3.344,
				-0.4,
				3.656,
				0,
				3.967,
				0,
				0,
				5,
				0
			]
		},
		{
			"Target": "Parameter",
			"Id": "ParamBrowRX",
			"Segments": [
				0,
				0,
				1,
				0.056,
				0,
				0.111,
				0,
				0.167,
				0,
				1,
				0.778,
				0,
				1.389,
				0,
				2,
				0,
				1,
				2.189,
				0,
				2.378,
				0,
				2.567,
				0,
				1,
				3.033,
				0,
				3.5,
				0,
				3.967,
				0,
				0,
				5,
				0
			]
		},
		{
			"Target": "Parameter",
			"Id": "ParamBrowLAngle",
			"Segments": [
				0,
				0,
				1,
				0.056,
				0,
				0.111,
				0,
				0.167,
				0,
				1,
				0.778,
				0,
				1.389,
				0,
				2,
				0,
				1,
				2.189,
				0,
				2.378,
				0,
				2.567,
				0,
				1,
				2.722,
				0,
				2.878,
				0,
				3.033,
				0,
				1,
				3.344,
				0,
				3.656,
				0,
				3.967,
				0,
				0,
				5,
				0
			]
		},
		{
			"Target": "Parameter",
			"Id": "ParamBrowRAngle",
			"Segments": [
				0,
				0,
				1,
				0.056,
				0,
				0.111,
				0,
				0.167,
				0,
				1,
				0.778,
				0,
				1.389,
				0,
				2,
				0,
				1,
				2.189,
				0,
				2.378,
				0,
				2.567,
				0,
				1,
				2.722,
				0,
				2.878,
				0,
				3.033,
				0,
				1,
				3.344,
				0,
				3.656,
				0,
				3.967,
				0,
				0,
				5,
				0
			]
		},
		{
			"Target": "Parameter",
			"Id": "ParamBrowLForm",
			"Segments": [
				0,
				0,
				1,
				0.056,
				0,
				0.111,
				0,
				0.167,
				0,
				1,
				0.778,
				0,
				1.389,
				0,
				2,
				0,
				1,
				2.189,
				0,
				2.378,
				0,
				2.567,
				0,
				1,
				2.722,
				0,
				2.878,
				-0.3,
				3.033,
				-0.3,
				1,
				3.344,
				-0.3,
				3.656,
				0,
				3.967,
				0,
				0,
				5,
				0
			]
		},
		{
			"Target": "Parameter",
			"Id": "ParamBrowRForm",
			"Segments": [
				0,
				0,
				1,
				0.056,
				0,
				0.111,
				0,
				0.167,
				0,
				1,
				0.778,
				0,
				1.389,
				0,
				2,
				0,
				1,
				2.189,
				0,
				2.378,
				0,
				2.567,
				0,
				1,
				2.722,
				0,
				2.878,
				-0.3,
				3.033,
				-0.3,
				1,
				3.344,
				-0.3,
				3.656,
				0,
				3.967,
				0,
				0,
				5,
				0
			]
		},
		{
			"Target": "Parameter",
			"Id": "ParamMouthForm",
			"Segments": [
				0,
				1,
				1,
				0.056,
				1,
				0.111,
				1,
				0.167,
				1,
				1,
				0.778,
				1,
				1.389,
				1,
				2,
				1,
				1,
				2.189,
				1,
				2.378,
				1,
				2.567,
				1,
				1,
				3.033,
				1,
				3.5,
				1,
				3.967,
				1,
				0,
				5,
				1
			]
		},
		{
			"Target": "Parameter",
			"Id": "ParamMouthOpenY",
			"Segments": [
				0,
				0,
				1,
				0.056,
				0,
				0.111,
				0,
				0.167,
				0,
				1,
				0.778,
				0,
				1.389,
				0,
				2,
				0,
				1,
				2.189,
				0,
				2.378,
				0,
				2.567,
				0,
				1,
				3.033,
				0,
				3.5,
				0,
				3.967,
				0,
				0,
				5,
				0
			]
		},
		{
			"Target": "Parameter",
			"Id": "ParamScarf",
			"Segments": [
				0,
				0,
				1,
				0.856,
				0,
				1.711,
				0,
				2.567,
				0,
				1,
				3.033,
				0,
				3.5,
				0,
				3.967,
				0,
				0,
				5,
				0
			]
		},
		{
			"Target": "Parameter",
			"Id": "ParamBodyAngleX",
			"Segments": [
				0,
				0,
				1,
				0.056,
				0,
				0.111,
				0,
				0.167,
				0,
				1,
				0.578,
				0,
				0.989,
				0,
				1.4,
				0,
				1,
				1.633,
				0,
				1.867,
				-2.877,
				2.1,
				-6,
				1,
				2.289,
				-8.528,
				2.478,
				-9,
				2.667,
				-9,
				1,
				3.1,
				-9,
				3.533,
				0,
				3.967,
				0,
				0,
				5,
				0
			]
		},
		{
			"Target": "Parameter",
			"Id": "ParamBodyAngleY",
			"Segments": [
				0,
				0,
				1,
				0.056,
				0,
				0.111,
				0,
				0.167,
				0,
				1,
				0.289,
				0,
				0.411,
				-10,
				0.533,
				-10,
				1,
				0.622,
				-10,
				0.711,
				10,
				0.8,
				10,
				1,
				0.9,
				10,
				1,
				-10,
				1.1,
				-10,
				1,
				1.2,
				-10,
				1.3,
				10,
				1.4,
				10,
				1,
				1.6,
				10,
				1.8,
				-7,
				2,
				-7,
				1,
				2.189,
				-7,
				2.378,
				-7,
				2.567,
				-7,
				1,
				2.722,
				-7,
				2.878,
				-6.928,
				3.033,
				-4,
				1,
				3.189,
				-1.072,
				3.344,
				5,
				3.5,
				5,
				1,
				3.656,
				5,
				3.811,
				0,
				3.967,
				0,
				0,
				5,
				0
			]
		},
		{
			"Target": "Parameter",
			"Id": "ParamBodyAngleZ",
			"Segments": [
				0,
				0,
				1,
				0.056,
				0,
				0.111,
				0,
				0.167,
				0,
				1,
				0.289,
				0,
				0.411,
				0,
				0.533,
				0,
				1,
				0.622,
				0,
				0.711,
				10,
				0.8,
				10,
				1,
				1,
				10,
				1.2,
				-10,
				1.4,
				-10,
				1,
				1.567,
				-10,
				1.733,
				6,
				1.9,
				6,
				1,
				2.089,
				6,
				2.278,
				6,
				2.467,
				6,
				1,
				2.656,
				6,
				2.844,
				9,
				3.033,
				9,
				1,
				3.189,
				9,
				3.344,
				-6,
				3.5,
				-6,
				1,
				3.656,
				-6,
				3.811,
				1,
				3.967,
				1,
				1,
				4.144,
				1,
				4.322,
				0,
				4.5,
				0,
				0,
				5,
				0
			]
		},
		{
			"Target": "Parameter",
			"Id": "ParamBodyUpper",
			"Segments": [
				0,
				0,
				1,
				0.056,
				0,
				0.111,
				0,
				0.167,
				0,
				1,
				0.778,
				0,
				1.389,
				0,
				2,
				0,
				1,
				2.189,
				0,
				2.378,
				0,
				2.567,
				0,
				1,
				2.722,
				0,
				2.878,
				4,
				3.033,
				4,
				1,
				3.189,
				4,
				3.344,
				-1,
				3.5,
				-1,
				1,
				3.656,
				-1,
				3.811,
				0,
				3.967,
				0,
				0,
				5,
				0
			]
		},
		{
			"Target": "Parameter",
			"Id": "ParamBreath",
			"Segments": [
				0,
				0,
				1,
				0.856,
				0,
				1.711,
				0,
				2.567,
				0,
				1,
				3.033,
				0,
				3.5,
				0,
				3.967,
				0,
				0,
				5,
				0
			]
		},
		{
			"Target": "Parameter",
			"Id": "ParamBustY",
			"Segments": [
				0,
				0,
				1,
				0.056,
				0,
				0.111,
				0,
				0.167,
				0,
				1,
				0.778,
				0,
				1.389,
				0,
				2,
				0,
				1,
				2.189,
				0,
				2.378,
				0,
				2.567,
				0,
				1,
				3.033,
				0,
				3.5,
				0,
				3.967,
				0,
				0,
				5,
				0
			]
		},
		{
			"Target": "Parameter",
			"Id": "ParamArmLA",
			"Segments": [
				0,
				0.5,
				1,
				0.056,
				0.5,
				0.111,
				0.5,
				0.167,
				0.5,
				1,
				0.289,
				0.5,
				0.411,
				0.6,
				0.533,
				0.6,
				1,
				0.622,
				0.6,
				0.711,
				0,
				0.8,
				0,
				1,
				0.9,
				0,
				1,
				0.57,
				1.1,
				0.57,
				1,
				1.2,
				0.57,
				1.3,
				0,
				1.4,
				0,
				1,
				1.6,
				0,
				1.8,
				0.5,
				2,
				0.5,
				1,
				2.189,
				0.5,
				2.378,
				0.5,
				2.567,
				0.5,
				1,
				2.722,
				0.5,
				2.878,
				0.489,
				3.033,
				0.4,
				1,
				3.189,
				0.311,
				3.344,
				0.2,
				3.5,
				0.2,
				1,
				3.656,
				0.2,
				3.811,
				1,
				3.967,
				1,
				0,
				5,
				1
			]
		},
		{
			"Target": "Parameter",
			"Id": "ParamArmRA",
			"Segments": [
				0,
				0.5,
				1,
				0.056,
				0.5,
				0.111,
				0.5,
				0.167,
				0.5,
				1,
				0.289,
				0.5,
				0.411,
				0.6,
				0.533,
				0.6,
				1,
				0.622,
				0.6,
				0.711,
				0,
				0.8,
				0,
				1,
				0.9,
				0,
				1,
				0.56,
				1.1,
				0.56,
				1,
				1.2,
				0.56,
				1.3,
				0,
				1.4,
				0,
				1,
				1.6,
				0,
				1.8,
				0.5,
				2,
				0.5,
				1,
				2.189,
				0.5,
				2.378,
				0.5,
				2.567,
				0.5,
				1,
				2.722,
				0.5,
				2.878,
				0.489,
				3.033,
				0.4,
				1,
				3.189,
				0.311,
				3.344,
				0.2,
				3.5,
				0.2,
				1,
				3.656,
				0.2,
				3.811,
				1,
				3.967,
				1,
				0,
				5,
				1
			]
		},
		{
			"Target": "Parameter",
			"Id": "ParamArmLB",
			"Segments": [
				0,
				0,
				1,
				0.056,
				0,
				0.111,
				0,
				0.167,
				0,
				1,
				0.778,
				0,
				1.389,
				0,
				2,
				0,
				1,
				2.189,
				0,
				2.378,
				0,
				2.567,
				0,
				1,
				3.033,
				0,
				3.5,
				5,
				3.967,
				5,
				0,
				5,
				5
			]
		},
		{
			"Target": "Parameter",
			"Id": "ParamArmRB",
			"Segments": [
				0,
				0,
				1,
				0.056,
				0,
				0.111,
				0,
				0.167,
				0,
				1,
				0.778,
				0,
				1.389,
				0,
				2,
				0,
				1,
				2.189,
				0,
				2.378,
				0,
				2.567,
				0,
				1,
				3.033,
				0,
				3.5,
				0,
				3.967,
				0,
				0,
				5,
				0
			]
		},
		{
			"Target": "Parameter",
			"Id": "ParamHandChangeR",
			"Segments": [
				0,
				0,
				1,
				0.056,
				0,
				0.111,
				0,
				0.167,
				0,
				1,
				0.378,
				0,
				0.589,
				0,
				0.8,
				0,
				1,
				1.389,
				0,
				1.978,
				0,
				2.567,
				0,
				1,
				3.111,
				0,
				3.656,
				0,
				4.2,
				0,
				0,
				5,
				0
			]
		},
		{
			"Target": "Parameter",
			"Id": "ParamHandAngleR",
			"Segments": [
				0,
				0,
				1,
				0.056,
				0,
				0.111,
				0,
				0.167,
				0,
				1,
				0.289,
				0,
				0.411,
				0.887,
				0.533,
				0.963,
				1,
				0.622,
				1.018,
				0.711,
				1,
				0.8,
				1,
				1,
				0.844,
				1,
				0.889,
				-0.593,
				0.933,
				-0.684,
				1,
				0.967,
				-0.752,
				1,
				-0.73,
				1.033,
				-0.73,
				1,
				1.111,
				-0.73,
				1.189,
				0.874,
				1.267,
				0.969,
				1,
				1.311,
				1.023,
				1.356,
				1,
				1.4,
				1,
				1,
				1.511,
				1,
				1.622,
				-0.566,
				1.733,
				-0.566,
				1,
				1.822,
				-0.566,
				1.911,
				-0.1,
				2,
				-0.1,
				1,
				2.189,
				-0.1,
				2.378,
				-0.1,
				2.567,
				-0.1,
				1,
				2.722,
				-0.1,
				2.878,
				-0.8,
				3.033,
				-0.8,
				1,
				3.189,
				-0.8,
				3.344,
				-0.4,
				3.5,
				-0.4,
				1,
				3.578,
				-0.4,
				3.656,
				-1,
				3.733,
				-1,
				1,
				3.889,
				-1,
				4.044,
				-0.1,
				4.2,
				-0.1,
				0,
				5,
				-0.1
			]
		},
		{
			"Target": "Parameter",
			"Id": "ParamHandDhangeL",
			"Segments": [
				0,
				0,
				1,
				0.056,
				0,
				0.111,
				0,
				0.167,
				0,
				1,
				0.378,
				0,
				0.589,
				0,
				0.8,
				0,
				1,
				1.389,
				0,
				1.978,
				0,
				2.567,
				0,
				1,
				3.111,
				0,
				3.656,
				0,
				4.2,
				0,
				0,
				5,
				0
			]
		},
		{
			"Target": "Parameter",
			"Id": "ParamHandAngleL",
			"Segments": [
				0,
				0,
				1,
				0.056,
				0,
				0.111,
				0,
				0.167,
				0,
				1,
				0.289,
				0,
				0.411,
				-1,
				0.533,
				-1,
				1,
				0.622,
				-1,
				0.711,
				-0.592,
				0.8,
				0,
				1,
				0.844,
				0.296,
				0.889,
				0.664,
				0.933,
				0.725,
				1,
				0.978,
				0.786,
				1.022,
				0.778,
				1.067,
				0.778,
				1,
				1.133,
				0.778,
				1.2,
				-0.873,
				1.267,
				-0.962,
				1,
				1.311,
				-1.022,
				1.356,
				-1,
				1.4,
				-1,
				1,
				1.5,
				-1,
				1.6,
				0.665,
				1.7,
				0.665,
				1,
				1.8,
				0.665,
				1.9,
				0.1,
				2,
				0.1,
				1,
				2.189,
				0.1,
				2.378,
				0.1,
				2.567,
				0.1,
				1,
				2.722,
				0.1,
				2.878,
				1,
				3.033,
				1,
				1,
				3.189,
				1,
				3.344,
				0.7,
				3.5,
				0.7,
				1,
				3.578,
				0.7,
				3.656,
				1,
				3.733,
				1,
				1,
				3.889,
				1,
				4.044,
				0.1,
				4.2,
				0.1,
				0,
				5,
				0.1
			]
		},
		{
			"Target": "Parameter",
			"Id": "ParamHairFront",
			"Segments": [
				0,
				0,
				1,
				0.056,
				0,
				0.111,
				0,
				0.167,
				0,
				1,
				0.778,
				0,
				1.389,
				0,
				2,
				0,
				1,
				2.189,
				0,
				2.378,
				0,
				2.567,
				0,
				1,
				3.033,
				0,
				3.5,
				0,
				3.967,
				0,
				0,
				5,
				0
			]
		},
		{
			"Target": "Parameter",
			"Id": "ParamHairSide",
			"Segments": [
				0,
				0,
				0,
				2.567,
				0,
				1,
				3.033,
				0,
				3.5,
				0,
				3.967,
				0,
				0,
				5,
				0
			]
		},
		{
			"Target": "Parameter",
			"Id": "ParamHairBack",
			"Segments": [
				0,
				0,
				1,
				0.056,
				0,
				0.111,
				0,
				0.167,
				0,
				1,
				0.778,
				0,
				1.389,
				0,
				2,
				0,
				1,
				2.189,
				0,
				2.378,
				0,
				2.567,
				0,
				1,
				3.033,
				0,
				3.5,
				0,
				3.967,
				0,
				0,
				5,
				0
			]
		},
		{
			"Target": "PartOpacity",
			"Id": "Part01Core",
			"Segments": [
				0,
				1,
				2,
				2.667,
				1,
				2,
				4.967,
				1,
				0,
				5,
				1
			]
		},
		{
			"Target": "PartOpacity",
			"Id": "Part01Hoho001",
			"Segments": [
				0,
				1,
				2,
				2.667,
				1,
				2,
				4.967,
				1,
				0,
				5,
				1
			]
		},
		{
			"Target": "PartOpacity",
			"Id": "Part01Brow001",
			"Segments": [
				0,
				1,
				2,
				2.667,
				1,
				2,
				4.967,
				1,
				0,
				5,
				1
			]
		},
		{
			"Target": "PartOpacity",
			"Id": "Part01Tear",
			"Segments": [
				0,
				1,
				2,
				2.667,
				1,
				2,
				4.967,
				1,
				0,
				5,
				1
			]
		},
		{
			"Target": "PartOpacity",
			"Id": "Part01EyeBall001",
			"Segments": [
				0,
				1,
				2,
				2.667,
				1,
				2,
				4.967,
				1,
				0,
				5,
				1
			]
		},
		{
			"Target": "PartOpacity",
			"Id": "Part01Eye001",
			"Segments": [
				0,
				1,
				2,
				2.667,
				1,
				2,
				4.967,
				1,
				0,
				5,
				1
			]
		},
		{
			"Target": "PartOpacity",
			"Id": "Part01Nose001",
			"Segments": [
				0,
				1,
				2,
				2.667,
				1,
				2,
				4.967,
				1,
				0,
				5,
				1
			]
		},
		{
			"Target": "PartOpacity",
			"Id": "Part01Mouth001",
			"Segments": [
				0,
				1,
				2,
				2.667,
				1,
				2,
				4.967,
				1,
				0,
				5,
				1
			]
		},
		{
			"Target": "PartOpacity",
			"Id": "Part01Face001",
			"Segments": [
				0,
				1,
				2,
				2.667,
				1,
				2,
				4.967,
				1,
				0,
				5,
				1
			]
		},
		{
			"Target": "PartOpacity",
			"Id": "Part01Ear001",
			"Segments": [
				0,
				1,
				2,
				2.667,
				1,
				2,
				4.967,
				1,
				0,
				5,
				1
			]
		},
		{
			"Target": "PartOpacity",
			"Id": "Part01Neck001",
			"Segments": [
				0,
				1,
				2,
				2.667,
				1,
				2,
				4.967,
				1,
				0,
				5,
				1
			]
		},
		{
			"Target": "PartOpacity",
			"Id": "Part01HairFront001",
			"Segments": [
				0,
				1,
				2,
				2.667,
				1,
				2,
				4.967,
				1,
				0,
				5,
				1
			]
		},
		{
			"Target": "PartOpacity",
			"Id": "Part01HairSide001",
			"Segments": [
				0,
				1,
				2,
				2.667,
				1,
				2,
				4.967,
				1,
				0,
				5,
				1
			]
		},
		{
			"Target": "PartOpacity",
			"Id": "Part01HairBack001",
			"Segments": [
				0,
				1,
				2,
				2.667,
				1,
				2,
				4.967,
				1,
				0,
				5,
				1
			]
		},
		{
			"Target": "PartOpacity",
			"Id": "Part01ArmRB001",
			"Segments": [
				0,
				0,
				2,
				2.667,
				0,
				2,
				4.967,
				0,
				0,
				5,
				0
			]
		},
		{
			"Target": "PartOpacity",
			"Id": "Part01ArmLB001",
			"Segments": [
				0,
				0,
				2,
				2.667,
				0,
				2,
				4.967,
				0,
				0,
				5,
				0
			]
		},
		{
			"Target": "PartOpacity",
			"Id": "Part01ArmRA001",
			"Segments": [
				0,
				1,
				2,
				2.667,
				1,
				2,
				4.967,
				1,
				0,
				5,
				1
			]
		},
		{
			"Target": "PartOpacity",
			"Id": "Part01ArmLA001",
			"Segments": [
				0,
				1,
				2,
				2.667,
				1,
				2,
				4.967,
				1,
				0,
				5,
				1
			]
		},
		{
			"Target": "PartOpacity",
			"Id": "Part01Body001",
			"Segments": [
				0,
				1,
				2,
				2.667,
				1,
				2,
				4.967,
				1,
				0,
				5,
				1
			]
		},
		{
			"Target": "PartOpacity",
			"Id": "Part01Sketch",
			"Segments": [
				0,
				0,
				2,
				2.667,
				0,
				2,
				4.967,
				0,
				0,
				5,
				0
			]
		}
	]
}