{
	"Version": 3,
	"FileReferences": {
		"Moc": "Mark.moc3",
		"Textures": [
			"Mark.2048/texture_00.png"
		],
		"Physics": "Mark.physics3.json",
		"UserData": "Mark.userdata3.json",
		"Motions": {
			"Idle": [
				{
					"File": "motions/mark_m01.motion3.json",
					"FadeInTime": 0.5,
					"FadeOutTime": 0.5
				},
				{
					"File": "motions/mark_m02.motion3.json",
					"FadeInTime": 0.5,
					"FadeOutTime": 0.5
				},
				{
					"File": "motions/mark_m03.motion3.json",
					"FadeInTime": 0.5,
					"FadeOutTime": 0.5
				},
				{
					"File": "motions/mark_m04.motion3.json",
					"FadeInTime": 0.5,
					"FadeOutTime": 0.5
				},
				{
					"File": "motions/mark_m05.motion3.json",
					"FadeInTime": 0.5,
					"FadeOutTime": 0.5
				},
				{
					"File": "motions/mark_m06.motion3.json",
					"FadeInTime": 0.5,
					"FadeOutTime": 0.5
				}
			]
		}
	},
	"Groups": [
		{
			"Target": "Parameter",
			"Name": "LipSync",
			"Ids": []
		},
		{
			"Target": "Parameter",
			"Name": "EyeBlink",
			"Ids": [
				"ParamEyeLOpen",
				"ParamEyeROpen"
			]
		}
	],
	"HitAreas": []
}