{
	"Version": 3,
	"Meta": {
		"Duration": 4.967,
		"Fps": 30.0,
		"Loop": true,
		"AreBeziersRestricted": true,
		"CurveCount": 65,
		"TotalSegmentCount": 328,
		"TotalPointCount": 879,
		"UserDataCount": 0,
		"TotalUserDataSize": 0
	},
	"Curves": [
		{
			"Target": "Model",
			"Id": "Opacity",
			"Segments": [
				0,
				1,
				1,
				1.644,
				1,
				3.289,
				1,
				4.933,
				1,
				0,
				4.967,
				1
			]
		},
		{
			"Target": "Model",
			"Id": "EyeBlink",
			"Segments": [
				0,
				1,
				0,
				4.967,
				1
			]
		},
		{
			"Target": "Model",
			"Id": "LipSync",
			"Segments": [
				0,
				0,
				0,
				4.967,
				0
			]
		},
		{
			"Target": "Parameter",
			"Id": "ParamAngleX",
			"Segments": [
				0,
				0,
				1,
				0.333,
				0,
				0.667,
				0,
				1,
				0,
				1,
				1.1,
				0,
				1.2,
				-5,
				1.3,
				-5,
				1,
				1.489,
				-5,
				1.678,
				-4,
				1.867,
				-4,
				1,
				2.244,
				-4,
				2.622,
				-4,
				3,
				-4,
				1,
				3.144,
				-4,
				3.289,
				2,
				3.433,
				2,
				1,
				3.744,
				2,
				4.056,
				0,
				4.367,
				0,
				0,
				4.967,
				0
			]
		},
		{
			"Target": "Parameter",
			"Id": "ParamAngleY",
			"Segments": [
				0,
				0,
				1,
				0.367,
				0,
				0.733,
				0,
				1.1,
				0,
				1,
				1.144,
				0,
				1.189,
				-13,
				1.233,
				-13,
				1,
				1.289,
				-13,
				1.344,
				11,
				1.4,
				11,
				1,
				1.589,
				11,
				1.778,
				6,
				1.967,
				6,
				1,
				2.333,
				6,
				2.7,
				6,
				3.067,
				6,
				1,
				3.211,
				6,
				3.356,
				-22,
				3.5,
				-22,
				1,
				3.656,
				-22,
				3.811,
				12,
				3.967,
				12,
				1,
				4.122,
				12,
				4.278,
				0,
				4.433,
				0,
				0,
				4.967,
				0
			]
		},
		{
			"Target": "Parameter",
			"Id": "ParamAngleZ",
			"Segments": [
				0,
				0,
				1,
				0.333,
				0,
				0.667,
				0,
				1,
				0,
				1,
				1.1,
				0,
				1.2,
				-8,
				1.3,
				-8,
				1,
				1.489,
				-8,
				1.678,
				-6,
				1.867,
				-6,
				1,
				2.244,
				-6,
				2.622,
				-6,
				3,
				-6,
				1,
				3.144,
				-6,
				3.289,
				-9,
				3.433,
				-9,
				1,
				3.589,
				-9,
				3.744,
				7,
				3.9,
				7,
				1,
				4.056,
				7,
				4.211,
				-2,
				4.367,
				-2,
				1,
				4.556,
				-2,
				4.744,
				0,
				4.933,
				0,
				0,
				4.967,
				0
			]
		},
		{
			"Target": "Parameter",
			"Id": "ParamTere",
			"Segments": [
				0,
				0,
				1,
				0.333,
				0,
				0.667,
				0,
				1,
				0,
				1,
				1.1,
				0,
				1.2,
				0.5,
				1.3,
				0.5,
				1,
				1.867,
				0.5,
				2.433,
				0.5,
				3,
				0.5,
				1,
				3.456,
				0.5,
				3.911,
				0,
				4.367,
				0,
				0,
				4.967,
				0
			]
		},
		{
			"Target": "Parameter",
			"Id": "ParamFaceForm",
			"Segments": [
				0,
				0,
				0,
				4.967,
				0
			]
		},
		{
			"Target": "Parameter",
			"Id": "ParamEyeLOpen",
			"Segments": [
				0,
				1,
				1,
				0.333,
				1,
				0.667,
				1,
				1,
				1,
				1,
				1.044,
				1,
				1.089,
				0,
				1.133,
				0,
				1,
				1.189,
				0,
				1.244,
				1.7,
				1.3,
				1.7,
				1,
				1.522,
				1.7,
				1.744,
				1.7,
				1.967,
				1.7,
				1,
				2,
				1.7,
				2.033,
				0,
				2.067,
				0,
				1,
				2.078,
				0,
				2.089,
				0,
				2.1,
				0,
				1,
				2.133,
				0,
				2.167,
				1.7,
				2.2,
				1.7,
				1,
				2.211,
				1.7,
				2.222,
				1.7,
				2.233,
				1.7,
				1,
				2.267,
				1.7,
				2.3,
				0,
				2.333,
				0,
				1,
				2.344,
				0,
				2.356,
				0,
				2.367,
				0,
				1,
				2.433,
				0,
				2.5,
				1.7,
				2.567,
				1.7,
				1,
				2.711,
				1.7,
				2.856,
				1.7,
				3,
				1.7,
				1,
				3.144,
				1.7,
				3.289,
				0,
				3.433,
				0,
				1,
				3.589,
				0,
				3.744,
				0,
				3.9,
				0,
				1,
				4.056,
				0,
				4.211,
				1,
				4.367,
				1,
				0,
				4.967,
				1
			]
		},
		{
			"Target": "Parameter",
			"Id": "ParamEyeLSmile",
			"Segments": [
				0,
				0,
				1,
				0.333,
				0,
				0.667,
				0,
				1,
				0,
				1,
				1.1,
				0,
				1.2,
				0,
				1.3,
				0,
				1,
				1.867,
				0,
				2.433,
				0,
				3,
				0,
				1,
				3.456,
				0,
				3.911,
				0,
				4.367,
				0,
				0,
				4.967,
				0
			]
		},
		{
			"Target": "Parameter",
			"Id": "ParamEyeROpen",
			"Segments": [
				0,
				1,
				1,
				0.333,
				1,
				0.667,
				1,
				1,
				1,
				1,
				1.044,
				1,
				1.089,
				0,
				1.133,
				0,
				1,
				1.189,
				0,
				1.244,
				1.7,
				1.3,
				1.7,
				1,
				1.522,
				1.7,
				1.744,
				1.7,
				1.967,
				1.7,
				1,
				2,
				1.7,
				2.033,
				0,
				2.067,
				0,
				1,
				2.078,
				0,
				2.089,
				0,
				2.1,
				0,
				1,
				2.133,
				0,
				2.167,
				1.7,
				2.2,
				1.7,
				1,
				2.211,
				1.7,
				2.222,
				1.7,
				2.233,
				1.7,
				1,
				2.267,
				1.7,
				2.3,
				0,
				2.333,
				0,
				1,
				2.344,
				0,
				2.356,
				0,
				2.367,
				0,
				1,
				2.433,
				0,
				2.5,
				1.7,
				2.567,
				1.7,
				1,
				2.711,
				1.7,
				2.856,
				1.7,
				3,
				1.7,
				1,
				3.144,
				1.7,
				3.289,
				0,
				3.433,
				0,
				1,
				3.589,
				0,
				3.744,
				0,
				3.9,
				0,
				1,
				4.056,
				0,
				4.211,
				1,
				4.367,
				1,
				0,
				4.967,
				1
			]
		},
		{
			"Target": "Parameter",
			"Id": "ParamEyeRSmile",
			"Segments": [
				0,
				0,
				1,
				0.333,
				0,
				0.667,
				0,
				1,
				0,
				1,
				1.1,
				0,
				1.2,
				0,
				1.3,
				0,
				1,
				1.867,
				0,
				2.433,
				0,
				3,
				0,
				1,
				3.456,
				0,
				3.911,
				0,
				4.367,
				0,
				0,
				4.967,
				0
			]
		},
		{
			"Target": "Parameter",
			"Id": "ParamEyeForm",
			"Segments": [
				0,
				0,
				1,
				0.333,
				0,
				0.667,
				0,
				1,
				0,
				1,
				1.1,
				0,
				1.2,
				0,
				1.3,
				0,
				1,
				1.867,
				0,
				2.433,
				0,
				3,
				0,
				1,
				3.456,
				0,
				3.911,
				0,
				4.367,
				0,
				0,
				4.967,
				0
			]
		},
		{
			"Target": "Parameter",
			"Id": "ParamEyeBallForm",
			"Segments": [
				0,
				0,
				1,
				0.333,
				0,
				0.667,
				0,
				1,
				0,
				1,
				1.1,
				0,
				1.2,
				-0.6,
				1.3,
				-0.6,
				1,
				1.867,
				-0.6,
				2.433,
				-0.6,
				3,
				-0.6,
				1,
				3.456,
				-0.6,
				3.911,
				0,
				4.367,
				0,
				0,
				4.967,
				0
			]
		},
		{
			"Target": "Parameter",
			"Id": "ParamTear",
			"Segments": [
				0,
				0,
				1,
				0.333,
				0,
				0.667,
				0,
				1,
				0,
				1,
				1.1,
				0,
				1.2,
				0,
				1.3,
				0,
				1,
				1.867,
				0,
				2.433,
				0,
				3,
				0,
				1,
				3.456,
				0,
				3.911,
				0,
				4.367,
				0,
				0,
				4.967,
				0
			]
		},
		{
			"Target": "Parameter",
			"Id": "ParamEyeBallX",
			"Segments": [
				0,
				0,
				1,
				0.333,
				0,
				0.667,
				0,
				1,
				0,
				1,
				1.1,
				0,
				1.2,
				0.2,
				1.3,
				0.2,
				1,
				1.522,
				0.2,
				1.744,
				0.2,
				1.967,
				0.2,
				1,
				2,
				0.2,
				2.033,
				0.2,
				2.067,
				0.2,
				1,
				2.078,
				0.2,
				2.089,
				0.2,
				2.1,
				0.2,
				1,
				2.133,
				0.2,
				2.167,
				0.2,
				2.2,
				0.2,
				1,
				2.211,
				0.2,
				2.222,
				0.2,
				2.233,
				0.2,
				1,
				2.267,
				0.2,
				2.3,
				0.2,
				2.333,
				0.2,
				1,
				2.344,
				0.2,
				2.356,
				0.2,
				2.367,
				0.2,
				1,
				2.433,
				0.2,
				2.5,
				0.2,
				2.567,
				0.2,
				1,
				2.711,
				0.2,
				2.856,
				0.2,
				3,
				0.2,
				1,
				3.456,
				0.2,
				3.911,
				0,
				4.367,
				0,
				0,
				4.967,
				0
			]
		},
		{
			"Target": "Parameter",
			"Id": "ParamEyeBallY",
			"Segments": [
				0,
				0,
				1,
				0.333,
				0,
				0.667,
				0,
				1,
				0,
				1,
				1.1,
				0,
				1.2,
				0.1,
				1.3,
				0.1,
				1,
				1.522,
				0.1,
				1.744,
				0.1,
				1.967,
				0.1,
				1,
				2,
				0.1,
				2.033,
				-0.2,
				2.067,
				-0.2,
				1,
				2.078,
				-0.2,
				2.089,
				-0.2,
				2.1,
				-0.2,
				1,
				2.133,
				-0.2,
				2.167,
				0.1,
				2.2,
				0.1,
				1,
				2.211,
				0.1,
				2.222,
				0.1,
				2.233,
				0.1,
				1,
				2.267,
				0.1,
				2.3,
				-0.2,
				2.333,
				-0.2,
				1,
				2.344,
				-0.2,
				2.356,
				-0.2,
				2.367,
				-0.2,
				1,
				2.433,
				-0.2,
				2.5,
				0.1,
				2.567,
				0.1,
				1,
				2.711,
				0.1,
				2.856,
				0.1,
				3,
				0.1,
				1,
				3.456,
				0.1,
				3.911,
				0,
				4.367,
				0,
				0,
				4.967,
				0
			]
		},
		{
			"Target": "Parameter",
			"Id": "ParamBrowLY",
			"Segments": [
				0,
				0,
				1,
				0.333,
				0,
				0.667,
				0,
				1,
				0,
				1,
				1.1,
				0,
				1.2,
				0.8,
				1.3,
				0.8,
				1,
				1.867,
				0.8,
				2.433,
				0.8,
				3,
				0.8,
				1,
				3.144,
				0.8,
				3.289,
				-0.5,
				3.433,
				-0.5,
				1,
				3.744,
				-0.5,
				4.056,
				0,
				4.367,
				0,
				0,
				4.967,
				0
			]
		},
		{
			"Target": "Parameter",
			"Id": "ParamBrowRY",
			"Segments": [
				0,
				0,
				1,
				0.333,
				0,
				0.667,
				0,
				1,
				0,
				1,
				1.1,
				0,
				1.2,
				0.8,
				1.3,
				0.8,
				1,
				1.867,
				0.8,
				2.433,
				0.8,
				3,
				0.8,
				1,
				3.144,
				0.8,
				3.289,
				-0.5,
				3.433,
				-0.5,
				1,
				3.744,
				-0.5,
				4.056,
				0,
				4.367,
				0,
				0,
				4.967,
				0
			]
		},
		{
			"Target": "Parameter",
			"Id": "ParamBrowLX",
			"Segments": [
				0,
				0,
				1,
				0.333,
				0,
				0.667,
				0,
				1,
				0,
				1,
				1.1,
				0,
				1.2,
				0.5,
				1.3,
				0.5,
				1,
				1.867,
				0.5,
				2.433,
				0.5,
				3,
				0.5,
				1,
				3.144,
				0.5,
				3.289,
				-0.4,
				3.433,
				-0.4,
				1,
				3.744,
				-0.4,
				4.056,
				0,
				4.367,
				0,
				0,
				4.967,
				0
			]
		},
		{
			"Target": "Parameter",
			"Id": "ParamBrowRX",
			"Segments": [
				0,
				0,
				1,
				0.333,
				0,
				0.667,
				0,
				1,
				0,
				1,
				1.1,
				0,
				1.2,
				0.5,
				1.3,
				0.5,
				1,
				1.867,
				0.5,
				2.433,
				0.5,
				3,
				0.5,
				1,
				3.456,
				0.5,
				3.911,
				0,
				4.367,
				0,
				0,
				4.967,
				0
			]
		},
		{
			"Target": "Parameter",
			"Id": "ParamBrowLAngle",
			"Segments": [
				0,
				0,
				1,
				0.333,
				0,
				0.667,
				0,
				1,
				0,
				1,
				1.1,
				0,
				1.2,
				0.4,
				1.3,
				0.4,
				1,
				1.867,
				0.4,
				2.433,
				0.4,
				3,
				0.4,
				1,
				3.144,
				0.4,
				3.289,
				0,
				3.433,
				0,
				1,
				3.744,
				0,
				4.056,
				0,
				4.367,
				0,
				0,
				4.967,
				0
			]
		},
		{
			"Target": "Parameter",
			"Id": "ParamBrowRAngle",
			"Segments": [
				0,
				0,
				1,
				0.333,
				0,
				0.667,
				0,
				1,
				0,
				1,
				1.1,
				0,
				1.2,
				0.4,
				1.3,
				0.4,
				1,
				1.867,
				0.4,
				2.433,
				0.4,
				3,
				0.4,
				1,
				3.144,
				0.4,
				3.289,
				0,
				3.433,
				0,
				1,
				3.744,
				0,
				4.056,
				0,
				4.367,
				0,
				0,
				4.967,
				0
			]
		},
		{
			"Target": "Parameter",
			"Id": "ParamBrowLForm",
			"Segments": [
				0,
				0,
				1,
				0.333,
				0,
				0.667,
				0,
				1,
				0,
				1,
				1.1,
				0,
				1.2,
				-0.6,
				1.3,
				-0.6,
				1,
				1.867,
				-0.6,
				2.433,
				-0.6,
				3,
				-0.6,
				1,
				3.144,
				-0.6,
				3.289,
				-0.412,
				3.433,
				-0.3,
				1,
				3.744,
				-0.059,
				4.056,
				0,
				4.367,
				0,
				0,
				4.967,
				0
			]
		},
		{
			"Target": "Parameter",
			"Id": "ParamBrowRForm",
			"Segments": [
				0,
				0,
				1,
				0.333,
				0,
				0.667,
				0,
				1,
				0,
				1,
				1.1,
				0,
				1.2,
				-0.6,
				1.3,
				-0.6,
				1,
				1.867,
				-0.6,
				2.433,
				-0.6,
				3,
				-0.6,
				1,
				3.144,
				-0.6,
				3.289,
				-0.412,
				3.433,
				-0.3,
				1,
				3.744,
				-0.059,
				4.056,
				0,
				4.367,
				0,
				0,
				4.967,
				0
			]
		},
		{
			"Target": "Parameter",
			"Id": "ParamMouthForm",
			"Segments": [
				0,
				1,
				1,
				0.333,
				1,
				0.667,
				1,
				1,
				1,
				1,
				1.1,
				1,
				1.2,
				-0.6,
				1.3,
				-0.6,
				1,
				1.867,
				-0.6,
				2.433,
				-0.6,
				3,
				-0.6,
				1,
				3.456,
				-0.6,
				3.911,
				1,
				4.367,
				1,
				0,
				4.967,
				1
			]
		},
		{
			"Target": "Parameter",
			"Id": "ParamMouthOpenY",
			"Segments": [
				0,
				0,
				1,
				0.333,
				0,
				0.667,
				0,
				1,
				0,
				1,
				1.1,
				0,
				1.2,
				0,
				1.3,
				0,
				1,
				1.867,
				0,
				2.433,
				0,
				3,
				0,
				1,
				3.456,
				0,
				3.911,
				0,
				4.367,
				0,
				0,
				4.967,
				0
			]
		},
		{
			"Target": "Parameter",
			"Id": "ParamScarf",
			"Segments": [
				0,
				0,
				1,
				0.333,
				0,
				0.667,
				0,
				1,
				0,
				1,
				1.1,
				0,
				1.2,
				0,
				1.3,
				0,
				1,
				1.867,
				0,
				2.433,
				0,
				3,
				0,
				1,
				3.456,
				0,
				3.911,
				0,
				4.367,
				0,
				0,
				4.967,
				0
			]
		},
		{
			"Target": "Parameter",
			"Id": "ParamBodyAngleX",
			"Segments": [
				0,
				0,
				1,
				0.333,
				0,
				0.667,
				0,
				1,
				0,
				1,
				1.1,
				0,
				1.2,
				-3,
				1.3,
				-3,
				1,
				1.489,
				-3,
				1.678,
				-2,
				1.867,
				-2,
				1,
				2.244,
				-2,
				2.622,
				-2,
				3,
				-2,
				1,
				3.456,
				-2,
				3.911,
				0,
				4.367,
				0,
				0,
				4.967,
				0
			]
		},
		{
			"Target": "Parameter",
			"Id": "ParamBodyAngleY",
			"Segments": [
				0,
				0,
				1,
				0.333,
				0,
				0.667,
				0,
				1,
				0,
				1,
				1.044,
				0,
				1.089,
				-2,
				1.133,
				-2,
				1,
				1.189,
				-2,
				1.244,
				5,
				1.3,
				5,
				1,
				1.489,
				5,
				1.678,
				4,
				1.867,
				4,
				1,
				2.244,
				4,
				2.622,
				4,
				3,
				4,
				1,
				3.144,
				4,
				3.289,
				-7,
				3.433,
				-7,
				1,
				3.589,
				-7,
				3.744,
				9,
				3.9,
				9,
				1,
				4.056,
				9,
				4.211,
				0,
				4.367,
				0,
				0,
				4.967,
				0
			]
		},
		{
			"Target": "Parameter",
			"Id": "ParamBodyAngleZ",
			"Segments": [
				0,
				0,
				1,
				0.333,
				0,
				0.667,
				0,
				1,
				0,
				1,
				1.1,
				0,
				1.2,
				-3,
				1.3,
				-3,
				1,
				1.489,
				-3,
				1.678,
				-2,
				1.867,
				-2,
				1,
				2.244,
				-2,
				2.622,
				-2,
				3,
				-2,
				1,
				3.456,
				-2,
				3.911,
				0,
				4.367,
				0,
				0,
				4.967,
				0
			]
		},
		{
			"Target": "Parameter",
			"Id": "ParamBodyUpper",
			"Segments": [
				0,
				0,
				1,
				0.333,
				0,
				0.667,
				0,
				1,
				0,
				1,
				1.1,
				0,
				1.2,
				-7,
				1.3,
				-7,
				1,
				1.489,
				-7,
				1.678,
				-6,
				1.867,
				-6,
				1,
				2.244,
				-6,
				2.622,
				-6,
				3,
				-6,
				1,
				3.144,
				-6,
				3.289,
				1.057,
				3.433,
				3,
				1,
				3.589,
				5.092,
				3.744,
				5,
				3.9,
				5,
				1,
				4.056,
				5,
				4.211,
				0,
				4.367,
				0,
				0,
				4.967,
				0
			]
		},
		{
			"Target": "Parameter",
			"Id": "ParamBreath",
			"Segments": [
				0,
				0,
				1,
				0.333,
				0,
				0.667,
				0,
				1,
				0,
				1,
				1.1,
				0,
				1.2,
				0,
				1.3,
				0,
				1,
				1.867,
				0,
				2.433,
				0,
				3,
				0,
				1,
				3.456,
				0,
				3.911,
				0,
				4.367,
				0,
				0,
				4.967,
				0
			]
		},
		{
			"Target": "Parameter",
			"Id": "ParamBustY",
			"Segments": [
				0,
				0,
				1,
				0.333,
				0,
				0.667,
				0,
				1,
				0,
				1,
				1.1,
				0,
				1.2,
				0,
				1.3,
				0,
				1,
				1.867,
				0,
				2.433,
				0,
				3,
				0,
				1,
				3.456,
				0,
				3.911,
				0,
				4.367,
				0,
				0,
				4.967,
				0
			]
		},
		{
			"Target": "Parameter",
			"Id": "ParamArmLA",
			"Segments": [
				0,
				1,
				1,
				0.333,
				1,
				0.667,
				1,
				1,
				1,
				1,
				1.1,
				1,
				1.2,
				0.3,
				1.3,
				0.3,
				1,
				1.489,
				0.3,
				1.678,
				0.4,
				1.867,
				0.4,
				1,
				2.244,
				0.4,
				2.622,
				0.4,
				3,
				0.4,
				1,
				3.144,
				0.4,
				3.289,
				0.4,
				3.433,
				0.4,
				1,
				3.589,
				0.4,
				3.744,
				0.4,
				3.9,
				0.4,
				1,
				4.056,
				0.4,
				4.211,
				1,
				4.367,
				1,
				0,
				4.967,
				1
			]
		},
		{
			"Target": "Parameter",
			"Id": "ParamArmRA",
			"Segments": [
				0,
				1,
				1,
				0.333,
				1,
				0.667,
				1,
				1,
				1,
				1,
				1.1,
				1,
				1.2,
				0.3,
				1.3,
				0.3,
				1,
				1.489,
				0.3,
				1.678,
				0.4,
				1.867,
				0.4,
				1,
				2.244,
				0.4,
				2.622,
				0.4,
				3,
				0.4,
				1,
				3.144,
				0.4,
				3.289,
				0.4,
				3.433,
				0.4,
				1,
				3.589,
				0.4,
				3.744,
				0.4,
				3.9,
				0.4,
				1,
				4.056,
				0.4,
				4.211,
				1,
				4.367,
				1,
				0,
				4.967,
				1
			]
		},
		{
			"Target": "Parameter",
			"Id": "ParamArmLB",
			"Segments": [
				0,
				5,
				1,
				0.333,
				5,
				0.667,
				5,
				1,
				5,
				1,
				1.1,
				5,
				1.2,
				5,
				1.3,
				5,
				1,
				1.867,
				5,
				2.433,
				5,
				3,
				5,
				1,
				3.456,
				5,
				3.911,
				5,
				4.367,
				5,
				0,
				4.967,
				5
			]
		},
		{
			"Target": "Parameter",
			"Id": "ParamArmRB",
			"Segments": [
				0,
				0,
				1,
				0.333,
				0,
				0.667,
				0,
				1,
				0,
				1,
				1.1,
				0,
				1.2,
				0,
				1.3,
				0,
				1,
				1.867,
				0,
				2.433,
				0,
				3,
				0,
				1,
				3.456,
				0,
				3.911,
				0,
				4.367,
				0,
				0,
				4.967,
				0
			]
		},
		{
			"Target": "Parameter",
			"Id": "ParamHandChangeR",
			"Segments": [
				0,
				0,
				1,
				0.333,
				0,
				0.667,
				0,
				1,
				0,
				1,
				1.1,
				0,
				1.2,
				0,
				1.3,
				0,
				1,
				1.867,
				0,
				2.433,
				0,
				3,
				0,
				1,
				3.456,
				0,
				3.911,
				0,
				4.367,
				0,
				0,
				4.967,
				0
			]
		},
		{
			"Target": "Parameter",
			"Id": "ParamHandAngleR",
			"Segments": [
				0,
				0.19,
				1,
				0.333,
				0.19,
				0.667,
				0.19,
				1,
				0.19,
				1,
				1.044,
				0.19,
				1.089,
				1,
				1.133,
				1,
				1,
				1.189,
				1,
				1.244,
				0.19,
				1.3,
				0.19,
				1,
				1.489,
				0.19,
				1.678,
				0.4,
				1.867,
				0.4,
				1,
				2.244,
				0.4,
				2.622,
				0.4,
				3,
				0.4,
				1,
				3.144,
				0.4,
				3.289,
				-0.8,
				3.433,
				-0.8,
				1,
				3.589,
				-0.8,
				3.744,
				-0.718,
				3.9,
				-0.4,
				1,
				4.056,
				-0.082,
				4.211,
				0.19,
				4.367,
				0.19,
				0,
				4.967,
				0.19
			]
		},
		{
			"Target": "Parameter",
			"Id": "ParamHandDhangeL",
			"Segments": [
				0,
				0,
				1,
				0.333,
				0,
				0.667,
				0,
				1,
				0,
				1,
				1.1,
				0,
				1.2,
				0,
				1.3,
				0,
				1,
				1.867,
				0,
				2.433,
				0,
				3,
				0,
				1,
				3.456,
				0,
				3.911,
				0,
				4.367,
				0,
				0,
				4.967,
				0
			]
		},
		{
			"Target": "Parameter",
			"Id": "ParamHandAngleL",
			"Segments": [
				0,
				-0.17,
				1,
				0.333,
				-0.17,
				0.667,
				-0.17,
				1,
				-0.17,
				1,
				1.044,
				-0.17,
				1.089,
				-0.6,
				1.133,
				-0.6,
				1,
				1.189,
				-0.6,
				1.244,
				-0.17,
				1.3,
				-0.17,
				1,
				1.489,
				-0.17,
				1.678,
				-0.5,
				1.867,
				-0.5,
				1,
				2.244,
				-0.5,
				2.622,
				-0.5,
				3,
				-0.5,
				1,
				3.144,
				-0.5,
				3.289,
				1,
				3.433,
				1,
				1,
				3.589,
				1,
				3.744,
				0.997,
				3.9,
				0.7,
				1,
				4.056,
				0.403,
				4.211,
				-0.17,
				4.367,
				-0.17,
				0,
				4.967,
				-0.17
			]
		},
		{
			"Target": "Parameter",
			"Id": "ParamHairFront",
			"Segments": [
				0,
				0,
				1,
				0.333,
				0,
				0.667,
				0,
				1,
				0,
				1,
				1.1,
				0,
				1.2,
				0,
				1.3,
				0,
				1,
				1.867,
				0,
				2.433,
				0,
				3,
				0,
				1,
				3.456,
				0,
				3.911,
				0,
				4.367,
				0,
				0,
				4.967,
				0
			]
		},
		{
			"Target": "Parameter",
			"Id": "ParamHairSide",
			"Segments": [
				0,
				0,
				1,
				0.333,
				0,
				0.667,
				0,
				1,
				0,
				1,
				1.1,
				0,
				1.2,
				0,
				1.3,
				0,
				1,
				1.867,
				0,
				2.433,
				0,
				3,
				0,
				1,
				3.456,
				0,
				3.911,
				0,
				4.367,
				0,
				0,
				4.967,
				0
			]
		},
		{
			"Target": "Parameter",
			"Id": "ParamHairBack",
			"Segments": [
				0,
				0,
				1,
				0.333,
				0,
				0.667,
				0,
				1,
				0,
				1,
				1.1,
				0,
				1.2,
				0,
				1.3,
				0,
				1,
				1.867,
				0,
				2.433,
				0,
				3,
				0,
				1,
				3.456,
				0,
				3.911,
				0,
				4.367,
				0,
				0,
				4.967,
				0
			]
		},
		{
			"Target": "PartOpacity",
			"Id": "Part01Core",
			"Segments": [
				0,
				1,
				2,
				4.933,
				1,
				0,
				4.967,
				1
			]
		},
		{
			"Target": "PartOpacity",
			"Id": "Part01Hoho001",
			"Segments": [
				0,
				1,
				2,
				4.933,
				1,
				0,
				4.967,
				1
			]
		},
		{
			"Target": "PartOpacity",
			"Id": "Part01Brow001",
			"Segments": [
				0,
				1,
				2,
				4.933,
				1,
				0,
				4.967,
				1
			]
		},
		{
			"Target": "PartOpacity",
			"Id": "Part01Tear",
			"Segments": [
				0,
				1,
				2,
				4.933,
				1,
				0,
				4.967,
				1
			]
		},
		{
			"Target": "PartOpacity",
			"Id": "Part01EyeBall001",
			"Segments": [
				0,
				1,
				2,
				4.933,
				1,
				0,
				4.967,
				1
			]
		},
		{
			"Target": "PartOpacity",
			"Id": "Part01Eye001",
			"Segments": [
				0,
				1,
				2,
				4.933,
				1,
				0,
				4.967,
				1
			]
		},
		{
			"Target": "PartOpacity",
			"Id": "Part01Nose001",
			"Segments": [
				0,
				1,
				2,
				4.933,
				1,
				0,
				4.967,
				1
			]
		},
		{
			"Target": "PartOpacity",
			"Id": "Part01Mouth001",
			"Segments": [
				0,
				1,
				2,
				4.933,
				1,
				0,
				4.967,
				1
			]
		},
		{
			"Target": "PartOpacity",
			"Id": "Part01Face001",
			"Segments": [
				0,
				1,
				2,
				4.933,
				1,
				0,
				4.967,
				1
			]
		},
		{
			"Target": "PartOpacity",
			"Id": "Part01Ear001",
			"Segments": [
				0,
				1,
				2,
				4.933,
				1,
				0,
				4.967,
				1
			]
		},
		{
			"Target": "PartOpacity",
			"Id": "Part01Neck001",
			"Segments": [
				0,
				1,
				2,
				4.933,
				1,
				0,
				4.967,
				1
			]
		},
		{
			"Target": "PartOpacity",
			"Id": "Part01HairFront001",
			"Segments": [
				0,
				1,
				2,
				4.933,
				1,
				0,
				4.967,
				1
			]
		},
		{
			"Target": "PartOpacity",
			"Id": "Part01HairSide001",
			"Segments": [
				0,
				1,
				2,
				4.933,
				1,
				0,
				4.967,
				1
			]
		},
		{
			"Target": "PartOpacity",
			"Id": "Part01HairBack001",
			"Segments": [
				0,
				1,
				2,
				4.933,
				1,
				0,
				4.967,
				1
			]
		},
		{
			"Target": "PartOpacity",
			"Id": "Part01ArmRB001",
			"Segments": [
				0,
				0,
				2,
				4.933,
				0,
				0,
				4.967,
				0
			]
		},
		{
			"Target": "PartOpacity",
			"Id": "Part01ArmLB001",
			"Segments": [
				0,
				0,
				2,
				4.933,
				0,
				0,
				4.967,
				0
			]
		},
		{
			"Target": "PartOpacity",
			"Id": "Part01ArmRA001",
			"Segments": [
				0,
				1,
				2,
				4.933,
				1,
				0,
				4.967,
				1
			]
		},
		{
			"Target": "PartOpacity",
			"Id": "Part01ArmLA001",
			"Segments": [
				0,
				1,
				2,
				4.933,
				1,
				0,
				4.967,
				1
			]
		},
		{
			"Target": "PartOpacity",
			"Id": "Part01Body001",
			"Segments": [
				0,
				1,
				2,
				4.933,
				1,
				0,
				4.967,
				1
			]
		},
		{
			"Target": "PartOpacity",
			"Id": "Part01Sketch",
			"Segments": [
				0,
				0,
				2,
				4.933,
				0,
				0,
				4.967,
				0
			]
		}
	]
}